Missing Rate,KNN,MICE,PMIVAE,SAEI,MEAN,LPR0,LPR1,LPR2,LPR3
10.0,0.169825,0.1635875,0.21415,0.1959125,0.2197375,0.1937125,0.19415,0.197475,0.1924875
20.0,0.18286249999999998,0.1674375,0.2161625,0.189375,0.2181875,0.194525,0.195075,0.1961,0.193
40.0,0.2011625,0.1940375,0.21732500000000002,0.166525,0.21871249999999998,0.19903749999999998,0.197675,0.19915,0.1982875
60.0,0.2060875,0.21025,0.2256125,0.1653625,0.225925,0.206625,0.2043625,0.20601250000000002,0.20147500000000002
